company,opened,n,fit,sample,link
Flagship Pioneering,2026-09-23,1,CHIP,Analytical Characterization / Protein Science Co-op,https://simplify.jobs/jobs/click/4f4e536a-1c11-425a-84de-2a9e0512a60c
Panther Life Sciences,2026-09-23,1,CHIP,Device Engineer Intern/Co-op,https://simplify.jobs/jobs/click/377a2a22-6017-4f3f-9fc2-3793bd76e16d
Marvell,2026-09-24,2,CHIP,Analog Design Intern - BS - 2027 Co-Op,https://marvell.wd1.myworkdayjobs.com/MarvellCareers/job/Analog-Design-Intern---BS---2027-Co-Op_2604788
onsemi,2026-09-25,3,CHIP,Spring 2027 - IC Design Engineer Intern,https://hctz.fa.us2.oraclecloud.com/hcmUI/CandidateExperience/en/sites/CX_1001/job/2506546
Besxar,2026-09-28,1,CHIP,Engineering — Mechanical/Electrical/Semiconductor,https://northeastern-csm.symplicity.com/students/app/jobs/detail/6b7ef5c5d2ed1b6295bcd341355cdde4
NXP Semiconductors,2026-09-28,2,CHIP,Digital Physical Design Intern - Spring 2027,https://www.linkedin.com/jobs/view/4464310512
Vicor,2026-09-28,1,CHIP,Power Electronics Systems Engineer,https://northeastern-csm.symplicity.com/students/app/jobs/detail/c26ebaf6d177b33958797f202b75b4e8
Cisco,2026-09-29,3,CHIP,Physical Design Engineer I (Co-op) - United States,https://cisco.wd5.myworkdayjobs.com/Cisco_Careers/job/Maynard-Massachusetts-US/Physical-Design-Engineer-I--Co-op----United-States_2026763
Micron Technology,2026-09-30,1,CHIP,Intern - ATE Process Engineer ID1,https://www.linkedin.com/jobs/view/4471589872
Sonos,2026-09-23,2,HARDWARE,Electrical Engineering Co-Op,https://sonos.wd1.myworkdayjobs.com/Sonos/job/Boston-MA/Electrical-Engineering-Co-Op_R2824-2
SoundOff Signal,2026-09-23,1,HARDWARE,Electrical Engineer Intern/Co-op,https://simplify.jobs/jobs/click/a8472d45-9d65-479c-9822-173cdacfce6c
Keenfinity,2026-09-24,2,HARDWARE,Electrical Test Engineer Co-op,https://simplify.jobs/jobs/click/b8127d50-dc6f-46e2-9013-f37a1fa30d70
AES,2026-09-24,1,HARDWARE,Electrical Engineer Co-op,https://simplify.jobs/jobs/click/7bbd8726-26fa-47d3-86a3-b7a38e7a3cae
Symbotic,2026-09-24,1,HARDWARE,Hardware Engineer Co-op,https://simplify.jobs/jobs/click/d2c8d6aa-577e-4c0d-8edc-a385f1d6ad60
Marotta Controls,2026-09-25,1,HARDWARE,Spring 2027 Electrical Engineering Internship/Co-Op,https://www.linkedin.com/jobs/view/4462878280
Cummins,2026-09-25,1,HARDWARE,Product Systems Validation Co-op,https://simplify.jobs/jobs/click/093b3e9b-8675-431c-9224-fa45823cc47d
iRhythm Technologies,2026-09-25,3,HARDWARE,Firmware Quality Assurance Engineer Co-op Intern,https://simplify.jobs/jobs/click/2b37797f-f21c-4a29-b163-6469e2a2c64d
SSOE Group,2026-09-25,1,HARDWARE,Electrical Engineer Co-op,https://simplify.jobs/jobs/click/b47d2af4-c720-48b8-9f69-d59fd6bf74d9
Saab,2026-09-25,1,HARDWARE,Electrical Engineering Co-op,https://simplify.jobs/jobs/click/aea50023-bfc4-4203-a4d7-f3decbe8ebd6
Delta Air Lines,2026-09-27,1,HARDWARE,"Graduate Intern, Research and Development Hardware Design Engineer (Spring 2027)",https://www.linkedin.com/jobs/view/4453588993
AMETEK TMC,2026-09-28,1,HARDWARE,Electrical Engineering Co-op,https://northeastern-csm.symplicity.com/students/app/jobs/detail/299f80671431eed31bd807de2dc99255
Bechtel Medical,2026-09-28,1,HARDWARE,Electrical Engineer,https://northeastern-csm.symplicity.com/students/app/jobs/detail/9de9623cedff96b982977d4a03e528a4
CardioFocus,2026-09-28,1,HARDWARE,Hardware R&D Engineering Co-Op,https://northeastern-csm.symplicity.com/students/app/jobs/detail/0589d126f5af7a2c28c89d1dd295ff24
Clocktower Engineering,2026-09-28,1,HARDWARE,Electrical Engineering,https://northeastern-csm.symplicity.com/students/app/jobs/detail/97b133980d6aaab1b5a8dd53ba39e6b1
Collins Aerospace,2026-09-28,2,HARDWARE,Manufacturing Electrical Engineering Co-Op ( Spring/Summer 2027),https://www.linkedin.com/jobs/view/4473011722
Electro Standards Laboratories,2026-09-28,1,HARDWARE,Computer Programmer / Electrical Engineer,https://northeastern-csm.symplicity.com/students/app/jobs/detail/4a8f91bede1c360deaaae2d8c0d8eecb
Wabtec Corporation,2026-09-29,2,HARDWARE,Firmware Engineering Co-Op (January-June 2027),https://www.linkedin.com/jobs/view/4473262766
ABB,2026-09-29,2,HARDWARE,R&D Electrical Engineering Co-op - Spring 2027,https://www.linkedin.com/jobs/view/4473290708
L3Harris Technologies,2026-09-29,1,HARDWARE,Electrical Engineer Intern  - Spring 2027,https://www.linkedin.com/jobs/view/4455734059
Legrand,2026-09-29,1,HARDWARE,Electrical Engineering Co-Op (Spring 2027),https://www.linkedin.com/jobs/view/4473275067
Wabtec,2026-09-29,2,HARDWARE,"Co-Op, Test Engineer - Transducer (January-June 2027)",https://jobs.smartrecruiters.com/wabtec/3743990015763566
BlueScope North America,2026-09-29,1,HARDWARE,Electrical Engineering Co-Op,https://www.linkedin.com/jobs/view/4377401858
Bayer,2026-09-30,1,HARDWARE,Electrical Engineer Co-Op,https://www.linkedin.com/jobs/view/4473295244
